--
-- PostgreSQL database dump
--

-- Dumped from database version 14.12 (Ubuntu 14.12-0ubuntu0.22.04.1)
-- Dumped by pg_dump version 14.12 (Ubuntu 14.12-0ubuntu0.22.04.1)

SET statement_timeout = 0;
SET lock_timeout = 0;
SET idle_in_transaction_session_timeout = 0;
SET client_encoding = 'UTF8';
SET standard_conforming_strings = on;
SELECT pg_catalog.set_config('search_path', '', false);
SET check_function_bodies = false;
SET xmloption = content;
SET client_min_messages = warning;
SET row_security = off;

SET default_tablespace = '';

SET default_table_access_method = heap;

--
-- Name: auth_group; Type: TABLE; Schema: public; Owner: postgres
--

CREATE TABLE public.auth_group (
    id integer NOT NULL,
    name character varying(150) NOT NULL
);


ALTER TABLE public.auth_group OWNER TO postgres;

--
-- Name: auth_group_id_seq; Type: SEQUENCE; Schema: public; Owner: postgres
--

ALTER TABLE public.auth_group ALTER COLUMN id ADD GENERATED BY DEFAULT AS IDENTITY (
    SEQUENCE NAME public.auth_group_id_seq
    START WITH 1
    INCREMENT BY 1
    NO MINVALUE
    NO MAXVALUE
    CACHE 1
);


--
-- Name: auth_group_permissions; Type: TABLE; Schema: public; Owner: postgres
--

CREATE TABLE public.auth_group_permissions (
    id bigint NOT NULL,
    group_id integer NOT NULL,
    permission_id integer NOT NULL
);


ALTER TABLE public.auth_group_permissions OWNER TO postgres;

--
-- Name: auth_group_permissions_id_seq; Type: SEQUENCE; Schema: public; Owner: postgres
--

ALTER TABLE public.auth_group_permissions ALTER COLUMN id ADD GENERATED BY DEFAULT AS IDENTITY (
    SEQUENCE NAME public.auth_group_permissions_id_seq
    START WITH 1
    INCREMENT BY 1
    NO MINVALUE
    NO MAXVALUE
    CACHE 1
);


--
-- Name: auth_permission; Type: TABLE; Schema: public; Owner: postgres
--

CREATE TABLE public.auth_permission (
    id integer NOT NULL,
    name character varying(255) NOT NULL,
    content_type_id integer NOT NULL,
    codename character varying(100) NOT NULL
);


ALTER TABLE public.auth_permission OWNER TO postgres;

--
-- Name: auth_permission_id_seq; Type: SEQUENCE; Schema: public; Owner: postgres
--

ALTER TABLE public.auth_permission ALTER COLUMN id ADD GENERATED BY DEFAULT AS IDENTITY (
    SEQUENCE NAME public.auth_permission_id_seq
    START WITH 1
    INCREMENT BY 1
    NO MINVALUE
    NO MAXVALUE
    CACHE 1
);


--
-- Name: auth_user; Type: TABLE; Schema: public; Owner: postgres
--

CREATE TABLE public.auth_user (
    id integer NOT NULL,
    password character varying(128) NOT NULL,
    last_login timestamp with time zone,
    is_superuser boolean NOT NULL,
    username character varying(150) NOT NULL,
    first_name character varying(150) NOT NULL,
    last_name character varying(150) NOT NULL,
    email character varying(254) NOT NULL,
    is_staff boolean NOT NULL,
    is_active boolean NOT NULL,
    date_joined timestamp with time zone NOT NULL
);


ALTER TABLE public.auth_user OWNER TO postgres;

--
-- Name: auth_user_groups; Type: TABLE; Schema: public; Owner: postgres
--

CREATE TABLE public.auth_user_groups (
    id bigint NOT NULL,
    user_id integer NOT NULL,
    group_id integer NOT NULL
);


ALTER TABLE public.auth_user_groups OWNER TO postgres;

--
-- Name: auth_user_groups_id_seq; Type: SEQUENCE; Schema: public; Owner: postgres
--

ALTER TABLE public.auth_user_groups ALTER COLUMN id ADD GENERATED BY DEFAULT AS IDENTITY (
    SEQUENCE NAME public.auth_user_groups_id_seq
    START WITH 1
    INCREMENT BY 1
    NO MINVALUE
    NO MAXVALUE
    CACHE 1
);


--
-- Name: auth_user_id_seq; Type: SEQUENCE; Schema: public; Owner: postgres
--

ALTER TABLE public.auth_user ALTER COLUMN id ADD GENERATED BY DEFAULT AS IDENTITY (
    SEQUENCE NAME public.auth_user_id_seq
    START WITH 1
    INCREMENT BY 1
    NO MINVALUE
    NO MAXVALUE
    CACHE 1
);


--
-- Name: auth_user_user_permissions; Type: TABLE; Schema: public; Owner: postgres
--

CREATE TABLE public.auth_user_user_permissions (
    id bigint NOT NULL,
    user_id integer NOT NULL,
    permission_id integer NOT NULL
);


ALTER TABLE public.auth_user_user_permissions OWNER TO postgres;

--
-- Name: auth_user_user_permissions_id_seq; Type: SEQUENCE; Schema: public; Owner: postgres
--

ALTER TABLE public.auth_user_user_permissions ALTER COLUMN id ADD GENERATED BY DEFAULT AS IDENTITY (
    SEQUENCE NAME public.auth_user_user_permissions_id_seq
    START WITH 1
    INCREMENT BY 1
    NO MINVALUE
    NO MAXVALUE
    CACHE 1
);


--
-- Name: country_country; Type: TABLE; Schema: public; Owner: postgres
--

CREATE TABLE public.country_country (
    id bigint NOT NULL,
    short_name character varying(255) NOT NULL,
    long_name character varying(255) NOT NULL,
    west_bound_longitude double precision,
    east_bound_longitude double precision,
    south_bound_latitude double precision,
    north_bound_latitude double precision,
    crs character varying(255)
);


ALTER TABLE public.country_country OWNER TO postgres;

--
-- Name: country_country_id_seq; Type: SEQUENCE; Schema: public; Owner: postgres
--

ALTER TABLE public.country_country ALTER COLUMN id ADD GENERATED BY DEFAULT AS IDENTITY (
    SEQUENCE NAME public.country_country_id_seq
    START WITH 1
    INCREMENT BY 1
    NO MINVALUE
    NO MAXVALUE
    CACHE 1
);


--
-- Name: data_type_datatype; Type: TABLE; Schema: public; Owner: postgres
--

CREATE TABLE public.data_type_datatype (
    id bigint NOT NULL,
    name character varying(255) NOT NULL
);


ALTER TABLE public.data_type_datatype OWNER TO postgres;

--
-- Name: data_type_datatype_id_seq; Type: SEQUENCE; Schema: public; Owner: postgres
--

ALTER TABLE public.data_type_datatype ALTER COLUMN id ADD GENERATED BY DEFAULT AS IDENTITY (
    SEQUENCE NAME public.data_type_datatype_id_seq
    START WITH 1
    INCREMENT BY 1
    NO MINVALUE
    NO MAXVALUE
    CACHE 1
);


--
-- Name: datasets_dataset; Type: TABLE; Schema: public; Owner: postgres
--

CREATE TABLE public.datasets_dataset (
    id bigint NOT NULL,
    short_name character varying(255) NOT NULL,
    long_name character varying(255) NOT NULL,
    data_type_id bigint NOT NULL,
    data_provider character varying(255) NOT NULL,
    data_source_url character varying(255) NOT NULL,
    data_download_url character varying(255) NOT NULL,
    login_credentials_required boolean NOT NULL,
    username character varying(255),
    password character varying(255),
    "API_key" character varying(255),
    download_method_id bigint NOT NULL,
    download_file_prefix character varying(255),
    download_file_infix character varying(255),
    download_file_suffix character varying(255),
    download_file_type character varying(255) NOT NULL,
    download_to_local_dir boolean NOT NULL,
    local_directory_path character varying(255) NOT NULL,
    scp boolean NOT NULL,
    scp_server_path character varying(255),
    frequency_minutes integer NOT NULL,
    frequency_hours integer NOT NULL,
    frequency_days integer NOT NULL,
    frequency_months integer NOT NULL,
    frequency_years integer NOT NULL,
    check_minutes integer NOT NULL,
    check_hours integer NOT NULL,
    check_days integer NOT NULL,
    check_months integer NOT NULL,
    check_years integer NOT NULL,
    has_variables boolean NOT NULL,
    variables character varying(255),
    subset boolean NOT NULL,
    xmin_xmax character varying(255),
    ymin_ymax character varying(255),
    create_latest boolean NOT NULL,
    force_forecast boolean NOT NULL,
    force_days integer
);


ALTER TABLE public.datasets_dataset OWNER TO postgres;

--
-- Name: datasets_dataset_id_seq; Type: SEQUENCE; Schema: public; Owner: postgres
--

ALTER TABLE public.datasets_dataset ALTER COLUMN id ADD GENERATED BY DEFAULT AS IDENTITY (
    SEQUENCE NAME public.datasets_dataset_id_seq
    START WITH 1
    INCREMENT BY 1
    NO MINVALUE
    NO MAXVALUE
    CACHE 1
);


--
-- Name: django_admin_log; Type: TABLE; Schema: public; Owner: postgres
--

CREATE TABLE public.django_admin_log (
    id integer NOT NULL,
    action_time timestamp with time zone NOT NULL,
    object_id text,
    object_repr character varying(200) NOT NULL,
    action_flag smallint NOT NULL,
    change_message text NOT NULL,
    content_type_id integer,
    user_id integer NOT NULL,
    CONSTRAINT django_admin_log_action_flag_check CHECK ((action_flag >= 0))
);


ALTER TABLE public.django_admin_log OWNER TO postgres;

--
-- Name: django_admin_log_id_seq; Type: SEQUENCE; Schema: public; Owner: postgres
--

ALTER TABLE public.django_admin_log ALTER COLUMN id ADD GENERATED BY DEFAULT AS IDENTITY (
    SEQUENCE NAME public.django_admin_log_id_seq
    START WITH 1
    INCREMENT BY 1
    NO MINVALUE
    NO MAXVALUE
    CACHE 1
);


--
-- Name: django_content_type; Type: TABLE; Schema: public; Owner: postgres
--

CREATE TABLE public.django_content_type (
    id integer NOT NULL,
    app_label character varying(100) NOT NULL,
    model character varying(100) NOT NULL
);


ALTER TABLE public.django_content_type OWNER TO postgres;

--
-- Name: django_content_type_id_seq; Type: SEQUENCE; Schema: public; Owner: postgres
--

ALTER TABLE public.django_content_type ALTER COLUMN id ADD GENERATED BY DEFAULT AS IDENTITY (
    SEQUENCE NAME public.django_content_type_id_seq
    START WITH 1
    INCREMENT BY 1
    NO MINVALUE
    NO MAXVALUE
    CACHE 1
);


--
-- Name: django_migrations; Type: TABLE; Schema: public; Owner: postgres
--

CREATE TABLE public.django_migrations (
    id bigint NOT NULL,
    app character varying(255) NOT NULL,
    name character varying(255) NOT NULL,
    applied timestamp with time zone NOT NULL
);


ALTER TABLE public.django_migrations OWNER TO postgres;

--
-- Name: django_migrations_id_seq; Type: SEQUENCE; Schema: public; Owner: postgres
--

ALTER TABLE public.django_migrations ALTER COLUMN id ADD GENERATED BY DEFAULT AS IDENTITY (
    SEQUENCE NAME public.django_migrations_id_seq
    START WITH 1
    INCREMENT BY 1
    NO MINVALUE
    NO MAXVALUE
    CACHE 1
);


--
-- Name: django_session; Type: TABLE; Schema: public; Owner: postgres
--

CREATE TABLE public.django_session (
    session_key character varying(40) NOT NULL,
    session_data text NOT NULL,
    expire_date timestamp with time zone NOT NULL
);


ALTER TABLE public.django_session OWNER TO postgres;

--
-- Name: download_method_downloadmethod; Type: TABLE; Schema: public; Owner: postgres
--

CREATE TABLE public.download_method_downloadmethod (
    id bigint NOT NULL,
    name character varying(255) NOT NULL
);


ALTER TABLE public.download_method_downloadmethod OWNER TO postgres;

--
-- Name: download_method_downloadmethod_id_seq; Type: SEQUENCE; Schema: public; Owner: postgres
--

ALTER TABLE public.download_method_downloadmethod ALTER COLUMN id ADD GENERATED BY DEFAULT AS IDENTITY (
    SEQUENCE NAME public.download_method_downloadmethod_id_seq
    START WITH 1
    INCREMENT BY 1
    NO MINVALUE
    NO MAXVALUE
    CACHE 1
);


--
-- Name: task_download_taskdownload; Type: TABLE; Schema: public; Owner: postgres
--

CREATE TABLE public.task_download_taskdownload (
    id bigint NOT NULL,
    task_name character varying(255) NOT NULL,
    class_id character varying(255) NOT NULL,
    dataset_id_id bigint NOT NULL,
    status character varying(255) NOT NULL,
    priority character varying(255) NOT NULL,
    duration character varying(255) NOT NULL,
    task_start_time timestamp with time zone NOT NULL,
    next_run_time timestamp with time zone NOT NULL,
    last_run_time timestamp with time zone NOT NULL,
    next_download_file character varying(255) NOT NULL,
    last_download_file character varying(255) NOT NULL,
    enabled boolean NOT NULL,
    health character varying(255) NOT NULL,
    fail_count integer NOT NULL,
    success_count integer NOT NULL,
    reset_count integer NOT NULL,
    attempt_count integer NOT NULL,
    predecessor_class character varying(255),
    predecessor_class_id integer,
    successor_class character varying(255),
    successor_class_id integer,
    created_by character varying(255) NOT NULL,
    launched_by character varying(255) NOT NULL,
    retain boolean NOT NULL,
    retention_days character varying(255)
);


ALTER TABLE public.task_download_taskdownload OWNER TO postgres;

--
-- Name: task_download_taskdownload_id_seq; Type: SEQUENCE; Schema: public; Owner: postgres
--

ALTER TABLE public.task_download_taskdownload ALTER COLUMN id ADD GENERATED BY DEFAULT AS IDENTITY (
    SEQUENCE NAME public.task_download_taskdownload_id_seq
    START WITH 1
    INCREMENT BY 1
    NO MINVALUE
    NO MAXVALUE
    CACHE 1
);


--
-- Data for Name: auth_group; Type: TABLE DATA; Schema: public; Owner: postgres
--

COPY public.auth_group (id, name) FROM stdin;
\.


--
-- Data for Name: auth_group_permissions; Type: TABLE DATA; Schema: public; Owner: postgres
--

COPY public.auth_group_permissions (id, group_id, permission_id) FROM stdin;
\.


--
-- Data for Name: auth_permission; Type: TABLE DATA; Schema: public; Owner: postgres
--

COPY public.auth_permission (id, name, content_type_id, codename) FROM stdin;
1	Can add log entry	1	add_logentry
2	Can change log entry	1	change_logentry
3	Can delete log entry	1	delete_logentry
4	Can view log entry	1	view_logentry
5	Can add permission	2	add_permission
6	Can change permission	2	change_permission
7	Can delete permission	2	delete_permission
8	Can view permission	2	view_permission
9	Can add group	3	add_group
10	Can change group	3	change_group
11	Can delete group	3	delete_group
12	Can view group	3	view_group
13	Can add user	4	add_user
14	Can change user	4	change_user
15	Can delete user	4	delete_user
16	Can view user	4	view_user
17	Can add content type	5	add_contenttype
18	Can change content type	5	change_contenttype
19	Can delete content type	5	delete_contenttype
20	Can view content type	5	view_contenttype
21	Can add session	6	add_session
22	Can change session	6	change_session
23	Can delete session	6	delete_session
24	Can view session	6	view_session
25	Can add dataset	7	add_dataset
26	Can change dataset	7	change_dataset
27	Can delete dataset	7	delete_dataset
28	Can view dataset	7	view_dataset
29	Can add task download	8	add_taskdownload
30	Can change task download	8	change_taskdownload
31	Can delete task download	8	delete_taskdownload
32	Can view task download	8	view_taskdownload
33	Can add country	9	add_country
34	Can change country	9	change_country
35	Can delete country	9	delete_country
36	Can view country	9	view_country
37	Can add data type	10	add_datatype
38	Can change data type	10	change_datatype
39	Can delete data type	10	delete_datatype
40	Can view data type	10	view_datatype
41	Can add download method	11	add_downloadmethod
42	Can change download method	11	change_downloadmethod
43	Can delete download method	11	delete_downloadmethod
44	Can view download method	11	view_downloadmethod
\.


--
-- Data for Name: auth_user; Type: TABLE DATA; Schema: public; Owner: postgres
--

COPY public.auth_user (id, password, last_login, is_superuser, username, first_name, last_name, email, is_staff, is_active, date_joined) FROM stdin;
1	pbkdf2_sha256$870000$O4q2zi5xmrIgRQmETknIyK$Fqv/EApMcqYYwWIROB1dygnfs4rYqyLeXNIINA8QS/8=	2024-08-20 09:52:02.779137+12	t	admin				t	t	2024-08-20 09:51:50.231221+12
\.


--
-- Data for Name: auth_user_groups; Type: TABLE DATA; Schema: public; Owner: postgres
--

COPY public.auth_user_groups (id, user_id, group_id) FROM stdin;
\.


--
-- Data for Name: auth_user_user_permissions; Type: TABLE DATA; Schema: public; Owner: postgres
--

COPY public.auth_user_user_permissions (id, user_id, permission_id) FROM stdin;
\.


--
-- Data for Name: country_country; Type: TABLE DATA; Schema: public; Owner: postgres
--

COPY public.country_country (id, short_name, long_name, west_bound_longitude, east_bound_longitude, south_bound_latitude, north_bound_latitude, crs) FROM stdin;
1	PAC	Pacific Islands	100	300	-45	45	EPSG:4326
\.


--
-- Data for Name: data_type_datatype; Type: TABLE DATA; Schema: public; Owner: postgres
--

COPY public.data_type_datatype (id, name) FROM stdin;
1	forecast
2	hindcast
3	historical
4	nrt
5	outlook
\.


--
-- Data for Name: datasets_dataset; Type: TABLE DATA; Schema: public; Owner: postgres
--

COPY public.datasets_dataset (id, short_name, long_name, data_type_id, data_provider, data_source_url, data_download_url, login_credentials_required, username, password, "API_key", download_method_id, download_file_prefix, download_file_infix, download_file_suffix, download_file_type, download_to_local_dir, local_directory_path, scp, scp_server_path, frequency_minutes, frequency_hours, frequency_days, frequency_months, frequency_years, check_minutes, check_hours, check_days, check_months, check_years, has_variables, variables, subset, xmin_xmax, ymin_ymax, create_latest, force_forecast, force_days) FROM stdin;
1	waveWatch3_hourly_forecast	AUSWAVE Global Ocean Waves Forecast	1	Australian Bureau of Meteorology	http://opendap.bom.gov.au:8080/thredds/catalog/nmoc/ww3_global_fc/catalog.html	http://opendap.bom.gov.au:8080/thredds/fileServer/nmoc/ww3_global_fc/{download_file_name}	f				1	ww3_	%Y%m%d_%H	.G.nc	netCDF	t	{root-dir}/model/regional/bom/forecast/hourly/wavewatch3	f		0	12	0	0	0	0	1	0	0	0	t	sig_wav_ht,mn_wav_dir	t	45,-45	100,300	t	f	0
10	accesss_sst_forecast	sea surface temperature anomaly 6 ensembles given need to combined to give month mean average	1	Commonwealth Scientific and Industrial Research Organisation	https://www.publish.csiro.au/es/pdf/ES22026	http://access-s.clide.cloud/files/global/monthly/data/{download_file_name}	t				1	sst.forecast.anom.monthly		.nc	netCDF	t	{root-dir}/model/regional/bom/forecast/daily/accesss	f		0	0	1	0	0	0	0	1	0	0	t	sst	t	-45,45	100,300	t	f	0
11	accesss_ssh_forecast	Sea surface height anomaly 6 ensembles given need to combined to give month mean average	1	Commonwealth Scientific and Industrial Research Organisation	https://www.publish.csiro.au/es/pdf/ES22026	http://access-s.clide.cloud/files/global/monthly/data/{download_file_name}	t				1	ssh.forecast.anom.monthly		.nc	netCDF	t	{root-dir}/model/regional/bom/forecast/daily/accesss	f		0	0	1	0	0	0	0	1	0	0	f		t	-45,45	100,300	t	f	0
13	salinity_daily_forecast	Salinity	1	Copernicus Marine Service	https://data.marine.copernicus.eu/product/GLOBAL_ANALYSISFORECAST_PHY_001_024/description	cmems_mod_glo_phy-so_anfc_0.083deg_P1D-m	t				3	cmems_mod_glo_phy-so_anfc_0.083deg_P1D-m	%Y%m%d_%Y%m%d	.nc	netCDF	t	{root-dir}/model/regional/copernicus/forecast/daily/salinity	f		0	0	1	0	0	0	1	0	0	0	t	so	t	-45,45	100,300	t	t	7
14	phytoplankton_daily_forecast	Total Primary Production of Phyto	1	Copernicus Marine Service	https://data.marine.copernicus.eu/product/GLOBAL_ANALYSISFORECAST_BGC_001_028/description	cmems_mod_glo_bgc-bio_anfc_0.25deg_P1D-m	t				3	cmems_mod_glo_bgc-bio_anfc_0.25deg_P1D-m	%Y%m%d_%Y%m%d	.nc	netCDF	t	{root-dir}/model/regional/copernicus/forecast/daily/phytoplankton	f		0	0	1	0	0	0	1	0	0	0	t	nppv,o2	t	-45,45	100,300	t	t	7
3	chlorophyll_daily_nrt	Chlorophyll-A Level 3 Mapped - Daily	4	NASA Ocean Color	https://oceancolor.gsfc.nasa.gov/	https://oceandata.sci.gsfc.nasa.gov/opendap/MODISA/L3SMI/{year}/{month}{day}/{download_file_name}	t	zbegg	Oceanportal2017*	\N	2	AQUA_MODIS.	%Y%m%d	.L3m.DAY.CHL.chlor_a.4km.NRT.nc.dap.nc	netCDF	t	{root-dir}/model/regional/nasa/nrt/daily/chlorophyll	f	\N	0	0	1	0	0	0	1	0	0	0	f	\N	t	45,-45	100,300	f	f	0
4	chlorophyll_monthly_nrt	Chlorophyll-A Level 3 Mapped - Monthly	4	NASA Ocean Color	https://oceancolor.gsfc.nasa.gov/	https://oceandata.sci.gsfc.nasa.gov/opendap/MODISA/L3SMI/{year}/{month}{day}/{download_file_name}	t	zbegg	Oceanportal2017*	\N	2	AQUA_MODIS.	%Y%m%d_%Y%m%d	.L3m.MO.CHL.chlor_a.4km.NRT.nc.dap.nc	netCDF	t	{root-dir}/model/regional/nasa/nrt/monthly/chlorophyll	f	\N	0	0	0	1	0	0	0	1	0	0	f	\N	t	45,-45	100,300	f	f	0
5	coral_bleaching_daily_nrt	Coral Bleaching - Daily	4	NOAA Satellite and Information Service	https://coralreefwatch.noaa.gov/product/5km/	https://www.star.nesdis.noaa.gov/pub/sod/mecb/crw/data/5km/v3.1_op/nc/v1.0/daily/baa5-max-7d/{year}/{download_file_name}	t	\N	\N	\N	1	ct5km_baa5-max-7d_v3.1_	%Y%m%d	.nc	netCDF	t	{root-dir}/model/regional/noaa/nrt/daily/coral_bleaching	f	\N	0	0	1	0	0	0	1	0	0	0	f	\N	t	45,-45	100,300	f	f	0
6	coral_bleaching_monthly_outlook	Coral Bleaching - 4month Outlook	5	NOAA Satellite and Information Service	https://www.star.nesdis.noaa.gov/pub/socd/mecb/crw/data/outlook/v5/nc/v1/outlook/	https://www.star.nesdis.noaa.gov/pub/socd/mecb/crw/data/outlook/v5/nc/v1/outlook/{year}/{download_file_name}	t	\N	\N	\N	1	cfsv2_outlook-060perc_4mon-and-wkly_v5_icwk	%Y%m%d	{special}.nc	netCDF	t	{root-dir}/model/regional/noaa/outlook/monthly/coral_bleaching	f	\N	0	0	7	0	0	0	0	1	0	0	t	CRW_BAA_Week_04,CRW_BAA_Week_08,CRW_BAA_Week_12,CRW_BAA_Week_16	t	45,-45	100,300	f	f	0
7	sst_anomalies_daily_historical	Sea Surface Temperature Anomalies	3	NOAA National Centers for Environmental Information.	https://www.ncei.noaa.gov/thredds/catalog/OisstBase/NetCDF/V2.1/AVHRR/catalog.html	https://www.ncei.noaa.gov/thredds/fileServer/OisstBase/NetCDF/V2.1/AVHRR/{year}{month}/{download_file_name}	t	\N	\N	\N	1	oisst-avhrr-v02r01.	%Y%m%d	.nc	netCDF	t	{root-dir}/model/regional/noaa/historical/daily/sst_anomalies	f	\N	0	0	1	0	0	0	1	0	0	0	t	sst,anom	t	-45,45	100,300	f	f	0
8	sst_anomalies_daily_nrt	Sea Surface Temperature Anomalies	4	NOAA National Centers for Environmental Information.	https://www.ncei.noaa.gov/thredds/catalog/OisstBase/NetCDF/V2.1/AVHRR/catalog.html	https://www.ncei.noaa.gov/thredds/fileServer/OisstBase/NetCDF/V2.1/AVHRR/{year}{month}/{download_file_name}	t	\N	\N	\N	1	oisst-avhrr-v02r01.	%Y%m%d	_preliminary.nc	netCDF	t	{root-dir}/model/regional/noaa/nrt/daily/sst_anomalies	f	\N	0	0	1	0	0	0	1	0	0	0	t	sst,anom	t	-45,45	100,300	f	f	0
9	ersst_monthly_historical	Sea Surface Temperature/Sea Surface Temperature Anomalies	3	NOAA National Centers for Environmental Information.	https://www.ncei.noaa.gov/thredds/catalog/ersst/catalog.html	https://www.ncei.noaa.gov/thredds/fileServer/ersst/{download_file_name}	t	\N	\N	\N	1	ersst.v5.	%Y%m	.nc	netCDF	t	{root-dir}/model/regional/noaa/historical/monthly/ersst	f	\N	0	0	0	1	0	0	0	1	0	0	t	sst,ssta	t	-45,45	100,300	f	f	0
12	ssh_daily_nrt	Altimetery Sea Surface Height	4	Copernicus Marine Service	https://data.marine.copernicus.eu/product/SEALEVEL_GLO_PHY_L4_NRT_008_046/description	cmems_obs-sl_glo_phy-ssh_nrt_allsat-l4-duacs-0.25deg_P1D	t	\N	\N	\N	3	cmems_obs-sl_glo_phy-ssh_nrt_allsat-l4-duacs-0.25deg_P1D_	%Y%m%d_%Y%m%d	.nc	netCDF	t	{root-dir}/model/regional/copernicus/nrt/daily/ssh	f	\N	0	0	1	0	0	0	1	0	0	0	t	adt, err_sla, err_ugosa, err_vgosa, flag_ice, sla, ugos, ugosa, vgos, vgosa	t	-45,45	100,300	f	f	0
15	phytoplankton_monthly_historical	Total Primary Production of Phyto	3	Copernicus Marine Service	https://data.marine.copernicus.eu/product/GLOBAL_ANALYSISFORECAST_BGC_001_028/description	cmems_mod_glo_bgc-bio_anfc_0.25deg_P1M-m	t	\N	\N	\N	3	cmems_mod_glo_bgc-bio_anfc_0.25deg_P1M-m	%Y%m_%Y%m	.nc	netCDF	t	{root-dir}/model/regional/copernicus/historical/monthly/phytoplankton	f	\N	0	0	0	1	0	0	0	1	0	0	t	nppv,o2	t	-45,45	100,300	f	f	0
16	ph_daily_forecast	Daily PH	1	Copernicus Marine Service	https://data.marine.copernicus.eu/product/GLOBAL_ANALYSISFORECAST_BGC_001_028/description	cmems_mod_glo_bgc-car_anfc_0.25deg_P1D-m	t				3	cmems_mod_glo_bgc-car_anfc_0.25deg_P1D-m	%Y%m%d_%Y%m%d	.nc	netCDF	t	{root-dir}/model/regional/copernicus/forecast/daily/ph	f		0	0	1	0	0	0	1	0	0	0	t	ph	t	-45,45	100,300	t	t	7
2	waveWatch3_hourly_hindcast	AUSWAVE Global Ocean Waves Hindcast	2	Australian Bureau of Meteorology	http://opendap.bom.gov.au:8080/thredds/catalog/paccsapwaves_gridded_2/catalog.html	http://opendap.bom.gov.au:8080/thredds/fileServer/paccsapwaves_gridded_2/{download_file_name}	f	\N	\N	\N	1	ww3.glob_24m.	%Y%m	.nc	netCDF	t	{root-dir}/model/regional/bom/hindcast/hourly/wavewatch3	f	\N	0	0	0	1	0	0	0	1	0	0	t	hs,dp,dir,fp,t0m1,spr,cge,uwnd,vwnd,pnr	t	-45,45	100,300	f	f	0
17	ph_monthly_historical	PH Monthly	3	Copernicus Marine Service	https://data.marine.copernicus.eu/product/GLOBAL_ANALYSISFORECAST_BGC_001_028/description	cmems_mod_glo_bgc-car_anfc_0.25deg_P1M-m	t	\N	\N	\N	3	cmems_mod_glo_bgc-car_anfc_0.25deg_P1M-m	%Y%m_%Y%m	.nc	netCDF	t	{root-dir}/model/regional/copernicus/historical/monthly/ph	f	\N	0	0	0	1	0	0	0	1	0	0	t	ph	t	-45,45	100,300	f	f	0
18	mhw_daily_nrt	Mairne Heat Wave - Daily	4	NOAA Satellite and Information Service	https://www.star.nesdis.noaa.gov/star/index.php	https://www.star.nesdis.noaa.gov/pub/socd/mecb/crw/data/marine_heatwave/v1.0.1/category/nc/{year}/{download_file_name}	t	\N	\N	\N	1	noaa-crw_mhw_v1.0.1_category_	%Y%m%d	.nc	netCDF	t	{root-dir}/model/regional/noaa/nrt/daily/mhw	f	\N	0	0	1	0	0	0	1	0	0	0	f	\N	t	-45,45	100,300	f	f	0
\.


--
-- Data for Name: django_admin_log; Type: TABLE DATA; Schema: public; Owner: postgres
--

COPY public.django_admin_log (id, action_time, object_id, object_repr, action_flag, change_message, content_type_id, user_id) FROM stdin;
1	2024-08-20 09:52:25.887273+12	1	forecast	1	[{"added": {}}]	10	1
2	2024-08-20 09:52:29.631724+12	2	hindcast	1	[{"added": {}}]	10	1
3	2024-08-20 09:52:32.113512+12	3	historical	1	[{"added": {}}]	10	1
4	2024-08-20 09:52:51.411376+12	4	nrt	1	[{"added": {}}]	10	1
5	2024-08-20 09:53:09.560287+12	5	outlook	1	[{"added": {}}]	10	1
6	2024-08-20 09:53:22.452316+12	1	https	1	[{"added": {}}]	11	1
7	2024-08-20 09:53:32.097467+12	2	obdaac_download	1	[{"added": {}}]	11	1
8	2024-08-20 09:53:35.234739+12	3	copernicusmarine	1	[{"added": {}}]	11	1
9	2024-08-20 09:54:35.022155+12	2	waveWatch3_hourly_hindcast	2	[{"changed": {"fields": ["Data type"]}}]	7	1
10	2024-08-20 09:54:48.096572+12	3	chlorophyll_daily_nrt	2	[{"changed": {"fields": ["Data type", "Download method"]}}]	7	1
11	2024-08-20 09:55:09.413256+12	4	chlorophyll_monthly_nrt	2	[{"changed": {"fields": ["Data type"]}}]	7	1
12	2024-08-20 09:55:21.940337+12	5	coral_bleaching_daily_nrt	2	[{"changed": {"fields": ["Data type"]}}]	7	1
13	2024-08-20 09:55:36.018659+12	6	coral_bleaching_monthly_outlook	2	[{"changed": {"fields": ["Data type"]}}]	7	1
14	2024-08-20 09:55:57.989272+12	7	sst_anomalies_daily_historical	2	[{"changed": {"fields": ["Data type"]}}]	7	1
15	2024-08-20 09:56:09.79396+12	8	sst_anomalies_daily_nrt	2	[{"changed": {"fields": ["Data type"]}}]	7	1
16	2024-08-20 09:56:18.398596+12	9	ersst_monthly_historical	2	[{"changed": {"fields": ["Data type"]}}]	7	1
17	2024-08-20 09:56:50.401038+12	12	ssh_daily_nrt	2	[{"changed": {"fields": ["Data type"]}}]	7	1
18	2024-08-20 09:57:34.920508+12	15	phytoplankton_monthly_historical	2	[{"changed": {"fields": ["Data type"]}}]	7	1
19	2024-08-20 09:57:44.658158+12	17	ph_monthly_historical	2	[{"changed": {"fields": ["Data type"]}}]	7	1
20	2024-08-20 09:57:54.413543+12	18	mhw_daily_nrt	2	[{"changed": {"fields": ["Data type"]}}]	7	1
21	2024-08-20 10:06:33.229383+12	1	Country object (1)	1	[{"added": {}}]	9	1
\.


--
-- Data for Name: django_content_type; Type: TABLE DATA; Schema: public; Owner: postgres
--

COPY public.django_content_type (id, app_label, model) FROM stdin;
1	admin	logentry
2	auth	permission
3	auth	group
4	auth	user
5	contenttypes	contenttype
6	sessions	session
7	datasets	dataset
8	task_download	taskdownload
9	country	country
10	data_type	datatype
11	download_method	downloadmethod
\.


--
-- Data for Name: django_migrations; Type: TABLE DATA; Schema: public; Owner: postgres
--

COPY public.django_migrations (id, app, name, applied) FROM stdin;
1	contenttypes	0001_initial	2024-08-20 09:50:52.073187+12
2	auth	0001_initial	2024-08-20 09:50:52.194569+12
3	admin	0001_initial	2024-08-20 09:50:52.231885+12
4	admin	0002_logentry_remove_auto_add	2024-08-20 09:50:52.239757+12
5	admin	0003_logentry_add_action_flag_choices	2024-08-20 09:50:52.246891+12
6	contenttypes	0002_remove_content_type_name	2024-08-20 09:50:52.263546+12
7	auth	0002_alter_permission_name_max_length	2024-08-20 09:50:52.270891+12
8	auth	0003_alter_user_email_max_length	2024-08-20 09:50:52.279046+12
9	auth	0004_alter_user_username_opts	2024-08-20 09:50:52.288464+12
10	auth	0005_alter_user_last_login_null	2024-08-20 09:50:52.297691+12
11	auth	0006_require_contenttypes_0002	2024-08-20 09:50:52.299861+12
12	auth	0007_alter_validators_add_error_messages	2024-08-20 09:50:52.30727+12
13	auth	0008_alter_user_username_max_length	2024-08-20 09:50:52.321268+12
14	auth	0009_alter_user_last_name_max_length	2024-08-20 09:50:52.330196+12
15	auth	0010_alter_group_name_max_length	2024-08-20 09:50:52.339082+12
16	auth	0011_update_proxy_permissions	2024-08-20 09:50:52.348196+12
17	auth	0012_alter_user_first_name_max_length	2024-08-20 09:50:52.357341+12
18	country	0001_initial	2024-08-20 09:50:52.37207+12
19	country	0002_alter_country_east_bound_longitude_and_more	2024-08-20 09:50:52.408963+12
20	data_type	0001_initial	2024-08-20 09:50:52.420147+12
21	download_method	0001_initial	2024-08-20 09:50:52.427075+12
22	datasets	0001_initial	2024-08-20 09:50:52.443307+12
23	datasets	0002_alter_dataset_api_key_alter_dataset_check_days_and_more	2024-08-20 09:50:52.52982+12
24	datasets	0003_alter_dataset_data_type_and_more	2024-08-20 09:50:52.574609+12
25	datasets	0004_alter_dataset_data_type_and_more	2024-08-20 09:50:52.60525+12
26	datasets	0005_alter_dataset_download_file_infix_and_more	2024-08-20 09:50:52.618096+12
27	sessions	0001_initial	2024-08-20 09:50:52.648011+12
28	task_download	0001_initial	2024-08-20 09:50:52.66888+12
29	task_download	0002_alter_taskdownload_dataset_id	2024-08-20 09:50:52.714011+12
30	task_download	0003_alter_taskdownload_dataset_id	2024-08-20 09:50:52.746798+12
31	task_download	0004_taskdownload_retention_days_and_more	2024-08-20 09:50:52.775242+12
\.


--
-- Data for Name: django_session; Type: TABLE DATA; Schema: public; Owner: postgres
--

COPY public.django_session (session_key, session_data, expire_date) FROM stdin;
kvihyupcldtb5qzv6lz0krx7pbbfl0hk	.eJxVjMsOwiAQRf-FtSE8WgGX7vsNZIYZpGogKe3K-O_apAvd3nPOfYkI21ri1nmJM4mL0OL0uyGkB9cd0B3qrcnU6rrMKHdFHrTLqRE_r4f7d1Cgl2_tACHzGICys8aHc9JmAOZBBZ0dA6Jm663yypkUvAouuIQEGhRrpFG8P_0KOF8:1sgAIE:8ZuzW3TPDJKkRFnl-nASYQn7Lpt1DOVFZwkDsDEdXtM	2024-09-03 09:52:02.782591+12
\.


--
-- Data for Name: download_method_downloadmethod; Type: TABLE DATA; Schema: public; Owner: postgres
--

COPY public.download_method_downloadmethod (id, name) FROM stdin;
1	https
2	obdaac_download
3	copernicusmarine
\.


--
-- Data for Name: task_download_taskdownload; Type: TABLE DATA; Schema: public; Owner: postgres
--

COPY public.task_download_taskdownload (id, task_name, class_id, dataset_id_id, status, priority, duration, task_start_time, next_run_time, last_run_time, next_download_file, last_download_file, enabled, health, fail_count, success_count, reset_count, attempt_count, predecessor_class, predecessor_class_id, successor_class, successor_class_id, created_by, launched_by, retain, retention_days) FROM stdin;
1	download_waveWatch3_hourly_forecast	download	1	Ready	Medium	Indefinitely	2024-06-05 12:00:00+12	2024-07-01 13:00:00+12	2024-08-20 08:03:36+12	ww3_20240701_00.G.nc	ww3_20240701_00.G.nc	t	Excellent	0	238	0	0	\N	\N	\N	\N	root	root	f	\N
2	download_waveWatch3_hourly_hindcast	download	2	Ready	Medium	Indefinitely	2024-06-05 12:00:00+12	2024-08-20 12:00:00+12	2024-08-19 12:05:00+12	ww3.glob_24m.202408.nc	ww3.glob_24m.202407.nc	t	Good	0	4	0	61	\N	\N	\N	\N	root	root	f	\N
3	download_chlorophyll_daily_nrt	download	3	Ready	Medium	Indefinitely	2024-06-05 12:00:00+12	2024-08-19 14:00:00+12	2024-08-20 08:03:38+12	AQUA_MODIS.20240819.L3m.DAY.CHL.chlor_a.4km.NRT.nc.dap.nc	AQUA_MODIS.20240818.L3m.DAY.CHL.chlor_a.4km.NRT.nc.dap.nc	t	Good	0	48	0	183	\N	\N	\N	\N	root	root	f	\N
4	download_chlorophyll_monthly_nrt	download	4	Ready	Medium	Indefinitely	2024-06-05 12:00:00+12	2024-08-20 12:00:00+12	2024-08-19 12:00:05+12	AQUA_MODIS.20240801_20240831.L3m.MO.CHL.chlor_a.4km.NRT.nc.dap.nc	AQUA_MODIS.20240701_20240731.L3m.MO.CHL.chlor_a.4km.NRT.nc.dap.nc	t	Good	0	7	0	34	\N	\N	\N	\N	root	root	f	\N
5	download_coral_bleaching_daily_nrt	download	5	Ready	Medium	Indefinitely	2024-06-05 12:00:00+12	2024-08-19 15:00:00+12	2024-08-20 08:03:37+12	ct5km_baa5-max-7d_v3.1_20240819.nc	ct5km_baa5-max-7d_v3.1_20240818.nc	t	Good	0	49	0	189	\N	\N	\N	\N	root	root	f	\N
6	download_coral_bleaching_monthly_outlook	download	6	Ready	Medium	Indefinitely	2024-06-05 12:00:00+12	2024-08-20 12:00:00+12	2024-08-19 12:05:04+12	cfsv2_outlook-060perc_4mon-and-wkly_v5_icwk20240324_for_20240407to20240728.nc	cfsv2_outlook-060perc_4mon-and-wkly_v5_icwk20240317_for_20240331to20240728.nc	t	Good	0	9	0	148	\N	\N	\N	\N	root	root	f	\N
7	download_sst_anomalies_daily_historical	download	7	Ready	Medium	Indefinitely	2024-06-05 12:00:00+12	2024-08-05 15:00:00+12	2024-08-20 08:03:42+12	oisst-avhrr-v02r01.20240805.nc	oisst-avhrr-v02r01.20240804.nc	t	Good	0	32	0	206	\N	\N	\N	\N	root	root	f	\N
8	download_sst_anomalies_daily_nrt	download	8	Ready	Medium	Indefinitely	2024-06-05 12:00:00+12	2024-08-17 13:00:00+12	2024-08-20 08:03:41+12	oisst-avhrr-v02r01.20240817_preliminary.nc	oisst-avhrr-v02r01.20240816_preliminary.nc	t	Excellent	0	20	0	218	\N	\N	\N	\N	root	root	f	\N
9	download_ersst_monthly_historical	download	9	Ready	Medium	Indefinitely	2024-06-05 12:00:00+12	2024-08-20 12:00:00+12	2024-08-19 12:00:07+12	ersst.v5.202407.nc	ersst.v5.202406.nc	t	Good	0	6	0	49	\N	\N	\N	\N	root	root	f	\N
10	download_accesss_sst_forecast	download	10	Ready	Medium	Indefinitely	2024-06-05 12:00:00+12	2024-08-21 01:00:00+12	2024-08-20 02:00:05+12	sst.forecast.anom.monthly.nc	sst.forecast.anom.monthly.nc	t	Excellent	0	23	0	0	\N	\N	\N	\N	root	root	f	\N
11	download_accesss_ssh_forecast	download	11	Ready	Medium	Indefinitely	2024-06-05 12:00:00+12	2024-08-21 01:00:00+12	2024-08-20 02:00:11+12	ssh.forecast.anom.monthly.nc	ssh.forecast.anom.monthly.nc	t	Excellent	0	23	0	0	\N	\N	\N	\N	root	root	f	\N
12	download_ssh_daily_nrt	download	12	Ready	Medium	Indefinitely	2024-06-05 12:00:00+12	2024-08-20 13:00:00+12	2024-08-19 16:01:33+12	cmems_obs-sl_glo_phy-ssh_nrt_allsat-l4-duacs-0.25deg_P1D_20240820_20240820.nc	cmems_obs-sl_glo_phy-ssh_nrt_allsat-l4-duacs-0.25deg_P1D_20240819_20240819.nc	t	Excellent	0	50	0	5	\N	\N	\N	\N	root	root	f	\N
13	download_salinity_daily_forecast	download	13	Ready	Medium	Indefinitely	2024-06-05 12:00:00+12	2024-08-20 13:00:00+12	2024-08-19 14:11:08+12	cmems_mod_glo_phy-so_anfc_0.083deg_P1D-m20240820_20240820.nc	cmems_mod_glo_phy-so_anfc_0.083deg_P1D-m20240819_20240819.nc	t	Excellent	0	50	0	0	\N	\N	\N	\N	root	root	f	\N
14	download_phytoplankton_daily_forecast	download	14	Ready	Medium	Indefinitely	2024-06-05 12:00:00+12	2024-08-20 13:00:00+12	2024-08-19 14:13:41+12	cmems_mod_glo_bgc-bio_anfc_0.25deg_P1D-m20240820_20240820.nc	cmems_mod_glo_bgc-bio_anfc_0.25deg_P1D-m20240819_20240819.nc	t	Excellent	0	26	0	0	\N	\N	\N	\N	root	root	f	\N
15	download_phytoplankton_monthly_historical	download	15	Ready	Medium	Indefinitely	2024-06-05 12:00:00+12	2024-08-20 12:00:00+12	2024-08-19 12:05:12+12	cmems_mod_glo_bgc-bio_anfc_0.25deg_P1M-m202408_202408.nc	cmems_mod_glo_bgc-bio_anfc_0.25deg_P1M-m202407_202407.nc	t	Good	0	3	0	62	\N	\N	\N	\N	root	root	f	\N
16	download_ph_daily_forecast	download	16	Ready	Medium	Indefinitely	2024-06-05 12:00:00+12	2024-08-20 13:00:00+12	2024-08-19 14:12:00+12	cmems_mod_glo_bgc-car_anfc_0.25deg_P1D-m20240820_20240820.nc	cmems_mod_glo_bgc-car_anfc_0.25deg_P1D-m20240819_20240819.nc	t	Excellent	0	50	0	0	\N	\N	\N	\N	root	root	f	\N
17	download_ph_monthly_historical	download	17	Ready	Medium	Indefinitely	2024-06-05 12:00:00+12	2024-08-20 12:00:00+12	2024-08-19 12:01:04+12	cmems_mod_glo_bgc-car_anfc_0.25deg_P1M-m202408_202408.nc	cmems_mod_glo_bgc-car_anfc_0.25deg_P1M-m202407_202407.nc	t	Good	0	2	0	62	\N	\N	\N	\N	root	root	f	\N
18	download_mhw_daily_nrt	download	18	Ready	Medium	Indefinitely	2024-06-05 12:00:00+12	2024-08-19 16:00:00+12	2024-08-20 10:00:04+12	noaa-crw_mhw_v1.0.1_category_20240819.nc	noaa-crw_mhw_v1.0.1_category_20240818.nc	t	Good	0	35	0	204	\N	\N	\N	\N	root	root	f	\N
\.


--
-- Name: auth_group_id_seq; Type: SEQUENCE SET; Schema: public; Owner: postgres
--

SELECT pg_catalog.setval('public.auth_group_id_seq', 1, false);


--
-- Name: auth_group_permissions_id_seq; Type: SEQUENCE SET; Schema: public; Owner: postgres
--

SELECT pg_catalog.setval('public.auth_group_permissions_id_seq', 1, false);


--
-- Name: auth_permission_id_seq; Type: SEQUENCE SET; Schema: public; Owner: postgres
--

SELECT pg_catalog.setval('public.auth_permission_id_seq', 44, true);


--
-- Name: auth_user_groups_id_seq; Type: SEQUENCE SET; Schema: public; Owner: postgres
--

SELECT pg_catalog.setval('public.auth_user_groups_id_seq', 1, false);


--
-- Name: auth_user_id_seq; Type: SEQUENCE SET; Schema: public; Owner: postgres
--

SELECT pg_catalog.setval('public.auth_user_id_seq', 1, true);


--
-- Name: auth_user_user_permissions_id_seq; Type: SEQUENCE SET; Schema: public; Owner: postgres
--

SELECT pg_catalog.setval('public.auth_user_user_permissions_id_seq', 1, false);


--
-- Name: country_country_id_seq; Type: SEQUENCE SET; Schema: public; Owner: postgres
--

SELECT pg_catalog.setval('public.country_country_id_seq', 1, true);


--
-- Name: data_type_datatype_id_seq; Type: SEQUENCE SET; Schema: public; Owner: postgres
--

SELECT pg_catalog.setval('public.data_type_datatype_id_seq', 5, true);


--
-- Name: datasets_dataset_id_seq; Type: SEQUENCE SET; Schema: public; Owner: postgres
--

SELECT pg_catalog.setval('public.datasets_dataset_id_seq', 18, true);


--
-- Name: django_admin_log_id_seq; Type: SEQUENCE SET; Schema: public; Owner: postgres
--

SELECT pg_catalog.setval('public.django_admin_log_id_seq', 21, true);


--
-- Name: django_content_type_id_seq; Type: SEQUENCE SET; Schema: public; Owner: postgres
--

SELECT pg_catalog.setval('public.django_content_type_id_seq', 11, true);


--
-- Name: django_migrations_id_seq; Type: SEQUENCE SET; Schema: public; Owner: postgres
--

SELECT pg_catalog.setval('public.django_migrations_id_seq', 31, true);


--
-- Name: download_method_downloadmethod_id_seq; Type: SEQUENCE SET; Schema: public; Owner: postgres
--

SELECT pg_catalog.setval('public.download_method_downloadmethod_id_seq', 3, true);


--
-- Name: task_download_taskdownload_id_seq; Type: SEQUENCE SET; Schema: public; Owner: postgres
--

SELECT pg_catalog.setval('public.task_download_taskdownload_id_seq', 18, true);


--
-- Name: auth_group auth_group_name_key; Type: CONSTRAINT; Schema: public; Owner: postgres
--

ALTER TABLE ONLY public.auth_group
    ADD CONSTRAINT auth_group_name_key UNIQUE (name);


--
-- Name: auth_group_permissions auth_group_permissions_group_id_permission_id_0cd325b0_uniq; Type: CONSTRAINT; Schema: public; Owner: postgres
--

ALTER TABLE ONLY public.auth_group_permissions
    ADD CONSTRAINT auth_group_permissions_group_id_permission_id_0cd325b0_uniq UNIQUE (group_id, permission_id);


--
-- Name: auth_group_permissions auth_group_permissions_pkey; Type: CONSTRAINT; Schema: public; Owner: postgres
--

ALTER TABLE ONLY public.auth_group_permissions
    ADD CONSTRAINT auth_group_permissions_pkey PRIMARY KEY (id);


--
-- Name: auth_group auth_group_pkey; Type: CONSTRAINT; Schema: public; Owner: postgres
--

ALTER TABLE ONLY public.auth_group
    ADD CONSTRAINT auth_group_pkey PRIMARY KEY (id);


--
-- Name: auth_permission auth_permission_content_type_id_codename_01ab375a_uniq; Type: CONSTRAINT; Schema: public; Owner: postgres
--

ALTER TABLE ONLY public.auth_permission
    ADD CONSTRAINT auth_permission_content_type_id_codename_01ab375a_uniq UNIQUE (content_type_id, codename);


--
-- Name: auth_permission auth_permission_pkey; Type: CONSTRAINT; Schema: public; Owner: postgres
--

ALTER TABLE ONLY public.auth_permission
    ADD CONSTRAINT auth_permission_pkey PRIMARY KEY (id);


--
-- Name: auth_user_groups auth_user_groups_pkey; Type: CONSTRAINT; Schema: public; Owner: postgres
--

ALTER TABLE ONLY public.auth_user_groups
    ADD CONSTRAINT auth_user_groups_pkey PRIMARY KEY (id);


--
-- Name: auth_user_groups auth_user_groups_user_id_group_id_94350c0c_uniq; Type: CONSTRAINT; Schema: public; Owner: postgres
--

ALTER TABLE ONLY public.auth_user_groups
    ADD CONSTRAINT auth_user_groups_user_id_group_id_94350c0c_uniq UNIQUE (user_id, group_id);


--
-- Name: auth_user auth_user_pkey; Type: CONSTRAINT; Schema: public; Owner: postgres
--

ALTER TABLE ONLY public.auth_user
    ADD CONSTRAINT auth_user_pkey PRIMARY KEY (id);


--
-- Name: auth_user_user_permissions auth_user_user_permissions_pkey; Type: CONSTRAINT; Schema: public; Owner: postgres
--

ALTER TABLE ONLY public.auth_user_user_permissions
    ADD CONSTRAINT auth_user_user_permissions_pkey PRIMARY KEY (id);


--
-- Name: auth_user_user_permissions auth_user_user_permissions_user_id_permission_id_14a6b632_uniq; Type: CONSTRAINT; Schema: public; Owner: postgres
--

ALTER TABLE ONLY public.auth_user_user_permissions
    ADD CONSTRAINT auth_user_user_permissions_user_id_permission_id_14a6b632_uniq UNIQUE (user_id, permission_id);


--
-- Name: auth_user auth_user_username_key; Type: CONSTRAINT; Schema: public; Owner: postgres
--

ALTER TABLE ONLY public.auth_user
    ADD CONSTRAINT auth_user_username_key UNIQUE (username);


--
-- Name: country_country country_country_pkey; Type: CONSTRAINT; Schema: public; Owner: postgres
--

ALTER TABLE ONLY public.country_country
    ADD CONSTRAINT country_country_pkey PRIMARY KEY (id);


--
-- Name: data_type_datatype data_type_datatype_pkey; Type: CONSTRAINT; Schema: public; Owner: postgres
--

ALTER TABLE ONLY public.data_type_datatype
    ADD CONSTRAINT data_type_datatype_pkey PRIMARY KEY (id);


--
-- Name: datasets_dataset datasets_dataset_pkey; Type: CONSTRAINT; Schema: public; Owner: postgres
--

ALTER TABLE ONLY public.datasets_dataset
    ADD CONSTRAINT datasets_dataset_pkey PRIMARY KEY (id);


--
-- Name: django_admin_log django_admin_log_pkey; Type: CONSTRAINT; Schema: public; Owner: postgres
--

ALTER TABLE ONLY public.django_admin_log
    ADD CONSTRAINT django_admin_log_pkey PRIMARY KEY (id);


--
-- Name: django_content_type django_content_type_app_label_model_76bd3d3b_uniq; Type: CONSTRAINT; Schema: public; Owner: postgres
--

ALTER TABLE ONLY public.django_content_type
    ADD CONSTRAINT django_content_type_app_label_model_76bd3d3b_uniq UNIQUE (app_label, model);


--
-- Name: django_content_type django_content_type_pkey; Type: CONSTRAINT; Schema: public; Owner: postgres
--

ALTER TABLE ONLY public.django_content_type
    ADD CONSTRAINT django_content_type_pkey PRIMARY KEY (id);


--
-- Name: django_migrations django_migrations_pkey; Type: CONSTRAINT; Schema: public; Owner: postgres
--

ALTER TABLE ONLY public.django_migrations
    ADD CONSTRAINT django_migrations_pkey PRIMARY KEY (id);


--
-- Name: django_session django_session_pkey; Type: CONSTRAINT; Schema: public; Owner: postgres
--

ALTER TABLE ONLY public.django_session
    ADD CONSTRAINT django_session_pkey PRIMARY KEY (session_key);


--
-- Name: download_method_downloadmethod download_method_downloadmethod_pkey; Type: CONSTRAINT; Schema: public; Owner: postgres
--

ALTER TABLE ONLY public.download_method_downloadmethod
    ADD CONSTRAINT download_method_downloadmethod_pkey PRIMARY KEY (id);


--
-- Name: task_download_taskdownload task_download_taskdownload_pkey; Type: CONSTRAINT; Schema: public; Owner: postgres
--

ALTER TABLE ONLY public.task_download_taskdownload
    ADD CONSTRAINT task_download_taskdownload_pkey PRIMARY KEY (id);


--
-- Name: auth_group_name_a6ea08ec_like; Type: INDEX; Schema: public; Owner: postgres
--

CREATE INDEX auth_group_name_a6ea08ec_like ON public.auth_group USING btree (name varchar_pattern_ops);


--
-- Name: auth_group_permissions_group_id_b120cbf9; Type: INDEX; Schema: public; Owner: postgres
--

CREATE INDEX auth_group_permissions_group_id_b120cbf9 ON public.auth_group_permissions USING btree (group_id);


--
-- Name: auth_group_permissions_permission_id_84c5c92e; Type: INDEX; Schema: public; Owner: postgres
--

CREATE INDEX auth_group_permissions_permission_id_84c5c92e ON public.auth_group_permissions USING btree (permission_id);


--
-- Name: auth_permission_content_type_id_2f476e4b; Type: INDEX; Schema: public; Owner: postgres
--

CREATE INDEX auth_permission_content_type_id_2f476e4b ON public.auth_permission USING btree (content_type_id);


--
-- Name: auth_user_groups_group_id_97559544; Type: INDEX; Schema: public; Owner: postgres
--

CREATE INDEX auth_user_groups_group_id_97559544 ON public.auth_user_groups USING btree (group_id);


--
-- Name: auth_user_groups_user_id_6a12ed8b; Type: INDEX; Schema: public; Owner: postgres
--

CREATE INDEX auth_user_groups_user_id_6a12ed8b ON public.auth_user_groups USING btree (user_id);


--
-- Name: auth_user_user_permissions_permission_id_1fbb5f2c; Type: INDEX; Schema: public; Owner: postgres
--

CREATE INDEX auth_user_user_permissions_permission_id_1fbb5f2c ON public.auth_user_user_permissions USING btree (permission_id);


--
-- Name: auth_user_user_permissions_user_id_a95ead1b; Type: INDEX; Schema: public; Owner: postgres
--

CREATE INDEX auth_user_user_permissions_user_id_a95ead1b ON public.auth_user_user_permissions USING btree (user_id);


--
-- Name: auth_user_username_6821ab7c_like; Type: INDEX; Schema: public; Owner: postgres
--

CREATE INDEX auth_user_username_6821ab7c_like ON public.auth_user USING btree (username varchar_pattern_ops);


--
-- Name: datasets_dataset_data_type_id_282dbe08; Type: INDEX; Schema: public; Owner: postgres
--

CREATE INDEX datasets_dataset_data_type_id_282dbe08 ON public.datasets_dataset USING btree (data_type_id);


--
-- Name: datasets_dataset_download_method_id_693a61e4; Type: INDEX; Schema: public; Owner: postgres
--

CREATE INDEX datasets_dataset_download_method_id_693a61e4 ON public.datasets_dataset USING btree (download_method_id);


--
-- Name: django_admin_log_content_type_id_c4bce8eb; Type: INDEX; Schema: public; Owner: postgres
--

CREATE INDEX django_admin_log_content_type_id_c4bce8eb ON public.django_admin_log USING btree (content_type_id);


--
-- Name: django_admin_log_user_id_c564eba6; Type: INDEX; Schema: public; Owner: postgres
--

CREATE INDEX django_admin_log_user_id_c564eba6 ON public.django_admin_log USING btree (user_id);


--
-- Name: django_session_expire_date_a5c62663; Type: INDEX; Schema: public; Owner: postgres
--

CREATE INDEX django_session_expire_date_a5c62663 ON public.django_session USING btree (expire_date);


--
-- Name: django_session_session_key_c0390e0f_like; Type: INDEX; Schema: public; Owner: postgres
--

CREATE INDEX django_session_session_key_c0390e0f_like ON public.django_session USING btree (session_key varchar_pattern_ops);


--
-- Name: task_download_taskdownload_dataset_id_id_e378272c; Type: INDEX; Schema: public; Owner: postgres
--

CREATE INDEX task_download_taskdownload_dataset_id_id_e378272c ON public.task_download_taskdownload USING btree (dataset_id_id);


--
-- Name: auth_group_permissions auth_group_permissio_permission_id_84c5c92e_fk_auth_perm; Type: FK CONSTRAINT; Schema: public; Owner: postgres
--

ALTER TABLE ONLY public.auth_group_permissions
    ADD CONSTRAINT auth_group_permissio_permission_id_84c5c92e_fk_auth_perm FOREIGN KEY (permission_id) REFERENCES public.auth_permission(id) DEFERRABLE INITIALLY DEFERRED;


--
-- Name: auth_group_permissions auth_group_permissions_group_id_b120cbf9_fk_auth_group_id; Type: FK CONSTRAINT; Schema: public; Owner: postgres
--

ALTER TABLE ONLY public.auth_group_permissions
    ADD CONSTRAINT auth_group_permissions_group_id_b120cbf9_fk_auth_group_id FOREIGN KEY (group_id) REFERENCES public.auth_group(id) DEFERRABLE INITIALLY DEFERRED;


--
-- Name: auth_permission auth_permission_content_type_id_2f476e4b_fk_django_co; Type: FK CONSTRAINT; Schema: public; Owner: postgres
--

ALTER TABLE ONLY public.auth_permission
    ADD CONSTRAINT auth_permission_content_type_id_2f476e4b_fk_django_co FOREIGN KEY (content_type_id) REFERENCES public.django_content_type(id) DEFERRABLE INITIALLY DEFERRED;


--
-- Name: auth_user_groups auth_user_groups_group_id_97559544_fk_auth_group_id; Type: FK CONSTRAINT; Schema: public; Owner: postgres
--

ALTER TABLE ONLY public.auth_user_groups
    ADD CONSTRAINT auth_user_groups_group_id_97559544_fk_auth_group_id FOREIGN KEY (group_id) REFERENCES public.auth_group(id) DEFERRABLE INITIALLY DEFERRED;


--
-- Name: auth_user_groups auth_user_groups_user_id_6a12ed8b_fk_auth_user_id; Type: FK CONSTRAINT; Schema: public; Owner: postgres
--

ALTER TABLE ONLY public.auth_user_groups
    ADD CONSTRAINT auth_user_groups_user_id_6a12ed8b_fk_auth_user_id FOREIGN KEY (user_id) REFERENCES public.auth_user(id) DEFERRABLE INITIALLY DEFERRED;


--
-- Name: auth_user_user_permissions auth_user_user_permi_permission_id_1fbb5f2c_fk_auth_perm; Type: FK CONSTRAINT; Schema: public; Owner: postgres
--

ALTER TABLE ONLY public.auth_user_user_permissions
    ADD CONSTRAINT auth_user_user_permi_permission_id_1fbb5f2c_fk_auth_perm FOREIGN KEY (permission_id) REFERENCES public.auth_permission(id) DEFERRABLE INITIALLY DEFERRED;


--
-- Name: auth_user_user_permissions auth_user_user_permissions_user_id_a95ead1b_fk_auth_user_id; Type: FK CONSTRAINT; Schema: public; Owner: postgres
--

ALTER TABLE ONLY public.auth_user_user_permissions
    ADD CONSTRAINT auth_user_user_permissions_user_id_a95ead1b_fk_auth_user_id FOREIGN KEY (user_id) REFERENCES public.auth_user(id) DEFERRABLE INITIALLY DEFERRED;


--
-- Name: datasets_dataset datasets_dataset_data_type_id_282dbe08_fk_data_type_datatype_id; Type: FK CONSTRAINT; Schema: public; Owner: postgres
--

ALTER TABLE ONLY public.datasets_dataset
    ADD CONSTRAINT datasets_dataset_data_type_id_282dbe08_fk_data_type_datatype_id FOREIGN KEY (data_type_id) REFERENCES public.data_type_datatype(id) DEFERRABLE INITIALLY DEFERRED;


--
-- Name: datasets_dataset datasets_dataset_download_method_id_693a61e4_fk_download_; Type: FK CONSTRAINT; Schema: public; Owner: postgres
--

ALTER TABLE ONLY public.datasets_dataset
    ADD CONSTRAINT datasets_dataset_download_method_id_693a61e4_fk_download_ FOREIGN KEY (download_method_id) REFERENCES public.download_method_downloadmethod(id) DEFERRABLE INITIALLY DEFERRED;


--
-- Name: django_admin_log django_admin_log_content_type_id_c4bce8eb_fk_django_co; Type: FK CONSTRAINT; Schema: public; Owner: postgres
--

ALTER TABLE ONLY public.django_admin_log
    ADD CONSTRAINT django_admin_log_content_type_id_c4bce8eb_fk_django_co FOREIGN KEY (content_type_id) REFERENCES public.django_content_type(id) DEFERRABLE INITIALLY DEFERRED;


--
-- Name: django_admin_log django_admin_log_user_id_c564eba6_fk_auth_user_id; Type: FK CONSTRAINT; Schema: public; Owner: postgres
--

ALTER TABLE ONLY public.django_admin_log
    ADD CONSTRAINT django_admin_log_user_id_c564eba6_fk_auth_user_id FOREIGN KEY (user_id) REFERENCES public.auth_user(id) DEFERRABLE INITIALLY DEFERRED;


--
-- Name: task_download_taskdownload task_download_taskdo_dataset_id_id_e378272c_fk_datasets_; Type: FK CONSTRAINT; Schema: public; Owner: postgres
--

ALTER TABLE ONLY public.task_download_taskdownload
    ADD CONSTRAINT task_download_taskdo_dataset_id_id_e378272c_fk_datasets_ FOREIGN KEY (dataset_id_id) REFERENCES public.datasets_dataset(id) DEFERRABLE INITIALLY DEFERRED;


--
-- PostgreSQL database dump complete
--

